<?xml version="1.0" encoding="UTF-8"?>
<project name="MITyCLibCert">

  <bannerLeft>
    <name>MITycLibCert</name>
    <src>images/LogoMITyCLibCert.png</src>
  </bannerLeft>

  <bannerRight>
    <name>Avanza2</name>
    <src>images/banner_avanza2.gif</src>
  </bannerRight>

  <publishDate position="none"/>

  <version position="right"/>
  
  <body>
    <links>
      <item name="MITyCLibAPI" href="../MITyCLibAPI/index.html" />
    </links>

    <breadcrumbs>
      <item name="MITyCLibCert" href="./index.html"/>
    </breadcrumbs>

    <menu name="MITyCLibCert">
      <item name="Introducción" href="index.html"/>
      <item name="FAQ" href="faq.html"/>
    </menu>

    <menu name="Ejemplos de uso">
      <item name="Listado del almacén de Firefox" href="integrator-guide/firefox-listing.html"/>
      <item name="Listado del almacén de Windows (SunMSCAPI)" href="integrator-guide/windows-mscapi-listing.html"/>
      <item name="Listado del almacén de Windows (nativo)" href="integrator-guide/windows-native-listing.html"/>
      <item name="Listado del almacén de Mac OS X" href="integrator-guide/macosx-listing.html"/>
      <item name="Listado del almacén de certificados de Java" href="integrator-guide/java-listing.html"/>
      <item name="Listado del almacén PKCS#11" href="integrator-guide/pkcs11-listing.html"/>
    </menu>

    <menu ref="reports"/>
  </body>
</project>
