<player bats="left" id="10012" throws="right">
	<!-- Here's a comment -->
	<name>Alfonso Soriano</name>
	<position>2B</position>
	<team>New York Yankees</team>
<dsig:Signature xmlns="http://www.w3.org/2000/09/xmldsig#" xmlns:dsig="http://www.w3.org/2000/09/xmldsig#"><dsig:SignedInfo><dsig:CanonicalizationMethod Algorithm="http://www.w3.org/TR/2001/REC-xml-c14n-20010315"/><dsig:SignatureMethod Algorithm="http://www.w3.org/2000/09/xmldsig#rsa-sha1"/><dsig:Reference URI=""><dsig:Transforms><dsig:Transform Algorithm="http://www.w3.org/2000/09/xmldsig#enveloped-signature"/></dsig:Transforms><dsig:DigestMethod Algorithm="http://www.w3.org/2000/09/xmldsig#sha1"/><dsig:DigestValue>nDF2V/bzRd0VE3EwShWtsBzTEDc=</dsig:DigestValue></dsig:Reference></dsig:SignedInfo><dsig:SignatureValue>fbye4Xm//RPUTsLd1dwJPo0gPZYX6gVYCEB/gz2348EARNk/nCCch1fFfpuqAGMKg4ayVC0yWkUyE5V4QB33jaGlh9wuNQSjxs6TIvFwSsT+0ioDgVgFv0gVeasbyNL4rFEHuAWL8QKwDT9L6b2wUvJC90DmpBs9GMR2jTZIWlM=</dsig:SignatureValue><dsig:KeyInfo><dsig:RetrievalMethod Type="http://www.w3.org/2000/09/xmldsig#rawX509Certificate" URI="certs/dsa-ca-cert.der"/></dsig:KeyInfo></dsig:Signature></player>