<player bats="left" id="10012" throws="right">
	<!-- Here's a comment -->
	<name>Alfonso Soriano</name>
	<position>2B</position>
	<team>New York Yankees</team>
<dsig:Signature xmlns="http://www.w3.org/2000/09/xmldsig#" xmlns:dsig="http://www.w3.org/2000/09/xmldsig#"><dsig:SignedInfo><dsig:CanonicalizationMethod Algorithm="http://www.w3.org/2001/10/xml-exc-c14n#"/><dsig:SignatureMethod Algorithm="http://www.w3.org/2000/09/xmldsig#hmac-sha1"/><dsig:Reference URI=""><dsig:Transforms><dsig:Transform Algorithm="http://www.w3.org/2000/09/xmldsig#enveloped-signature"/></dsig:Transforms><dsig:DigestMethod Algorithm="http://www.w3.org/2000/09/xmldsig#sha1"/><dsig:DigestValue>nDF2V/bzRd0VE3EwShWtsBzTEDc=</dsig:DigestValue></dsig:Reference></dsig:SignedInfo><dsig:SignatureValue>KOKmDJ7emm1ESMBujg88B8g/Rd8=</dsig:SignatureValue></dsig:Signature></player>