<?xml version="1.0" encoding="UTF-8"?>
<project name="MITyCLibPolicy">

  <bannerLeft>
    <name>MITyCLibPolicy</name>
    <src>images/LogoMITyCLibPolicy.png</src>
  </bannerLeft>

  <bannerRight>
    <name>Avanza2</name>
    <src>images/banner_avanza2.gif</src>
  </bannerRight>

  <publishDate position="none"/>

  <version position="right"/>
  
  <body>
    <links>
      <item name="MITyCLibAPI" href="../MITyCLibAPI/index.html" />
      <item name="MITyCLibTrust" href="../MITyCLibTrust/index.html" />
      <item name="MITyCLibTSA" href="../MITyCLibTSA/index.html" />
      <item name="MITyCLibXADES" href="../MITyCLibXADES/index.html" />
    </links>

    <breadcrumbs>
      <item name="MITyCLibPolicy" href="./index.html"/>
    </breadcrumbs>

    <menu name="MITyCLibPolicy">
      <item name="Introducción" href="index.html"/>
      <item name="FAQ" href="faq.html"/>
    </menu>

    <menu ref="reports"/>
	
  </body>
</project>
