<?xml version="1.0" encoding="UTF-8"?>
<document xmlns="http://maven.apache.org/DOCUMENT/1.0.1"
  xmlns:xsi="http://www.w3.org/2001/XMLSchema-instance"
  xsi:schemaLocation="http://maven.apache.org/DOCUMENT/1.0.1 http://maven.apache.org/xsd/document-1.0.1.xsd"
  outputName="componentes-${project.version}">

  <meta>
    <title>Documentación de ${project.name}</title>
    <author>Ministerio de Industria, Turismo y Comercio</author>
    <pageSize>A4</pageSize>
    <language>es-ES</language>
  </meta>

  <toc name="Índice">
    <item name="Introducción" ref="index.apt"/>
    <item name="Primeros pasos" ref="first-steps.apt"/>
    <item name="FAQ" ref="faq.fml"/>
    <item name="Histórico de cambios" ref="changelog.apt"/>
    <item name="Atribuciones a terceros" ref="attributions.xml"/>
  </toc>
 
  <cover>
    <coverdate>${date}</coverdate>
    <coverTitle>Componentes de firma</coverTitle>
    <coverSubTitle>Versión ${project.version}</coverSubTitle>
    <coverType>Ministerio de Industria, Turismo y Comercio</coverType>
    <projectName>${project.name}</projectName>
    <projectLogo>images/LogoComponentes.png</projectLogo>
    <companyName>Ministerio de Industria, Turismo y Comercio</companyName>
    <companyLogo>images/CreativeCommons_by.png</companyLogo>
<!--     
    <companyLogo>images/banner_avanza2.gif</companyLogo>
 -->
  </cover>
</document>
