<?xml version="1.0" encoding="UTF-8"?>
<project name="Componentes de firma">

  <bannerLeft>
    <name>Componentes de firma</name>
	<src>images/LogoComponentes.png</src>
  </bannerLeft>

  <bannerRight>
    <name>Avanza2</name>
    <src>images/banner_avanza2.gif</src>
  </bannerRight>

  <publishDate position="none"/>

  <version position="right"/>
  
  <body>
    <links>
    </links>

    <breadcrumbs>
      <item name="MITyC" href="http://www.mityc.es"/>
      <item name="Componentes de firma" href="./index.html"/>
    </breadcrumbs>

    <menu name="Componentes de firma">
      <item name="Introducción" href="index.html"/>
      <item name="Primeros pasos" href="first-steps.html"/>
      <item name="FAQ" href="faq.html"/>
      <item name="ChangeLog" href="changelog.html"/>
      <item name="Atribuciones a terceros" href="attributions.html"/>
      <item name="Descargas" href="downloads.html"/>
    </menu>

    <menu name="Módulos">
      <item name="MITyCLibAPI" href="MITyCLibAPI/index.html"/>
      <item name="MITyCLibCert" href="MITyCLibCert/index.html"/>
      <item name="MITyCLibOCSP" href="MITyCLibOCSP/index.html"/>
      <item name="MITyCLibTrust" href="MITyCLibTrust/index.html"/>
      <item name="MITyCLibTSA" href="MITyCLibTSA/index.html"/>
      <item name="MITyCLibXADES" href="MITyCLibXADES/index.html"/>
      <item name="MITyCLibPolicy" href="MITyCLibPolicy/index.html"/>
    </menu>

    <menu ref="reports"/>
	
  </body>
</project>
