<?xml version="1.0" encoding="UTF-8"?><Signature xmlns="http://www.w3.org/2000/09/xmldsig#"><SignedInfo><CanonicalizationMethod Algorithm="http://www.w3.org/TR/2001/REC-xml-c14n-20010315"/><SignatureMethod Algorithm="http://www.w3.org/2000/09/xmldsig#hmac-sha1"/><Reference URI="input.xml"><Transforms><Transform Algorithm="http://www.w3.org/TR/1999/REC-xpath-19991116"><XPath xmlns:ietf="http://www.ietf.org">ancestor-or-self::ietf:e1</XPath></Transform><Transform Algorithm="http://www.w3.org/TR/2001/REC-xml-c14n-20010315"/></Transforms><DigestMethod Algorithm="http://www.w3.org/2000/09/xmldsig#sha1"/><DigestValue>g4Ga1O61Qi7COEtUf18jgiJoGBE=</DigestValue></Reference></SignedInfo><SignatureValue>nOAJfnYWrPNrxt0oog39AGwa2+M=</SignatureValue></Signature>